,客户名称,2019-04-29,生效起始日,生效截至日,2019-04-30,2019-04-30变动
0,一汽财务有限公司,2900316561.67,20181219,20191231,2883941265.05,-16375296.619999886
1,三井住友银行（中国）,229222222.22,20140418,20161230,229222222.22,0.0
2,三菱东京日联银行（中国）,222222222.22,20140925,20160930,222222222.22,0.0
3,三门峡银行股份有限公司,1.11,20140221,20151230,1.11,0.0
4,上海农村商业银行股份有限公司,591842925.4,20111114,20191031,590653115.13,-1189810.269999981
5,上海华瑞银行股份有限公司,5989400.0,20171211,20191130,4989400.0,-1000000.0
6,上海汽车集团财务有限责任公司,9839188067.93,20180122,20190930,9840188067.93,1000000.0
7,上海浦东发展银行股份有限公司,1025042451.03,20100527,20190930,948673157.72,-76369293.30999994
8,上海电气集团财务有限责任公司,127777404.62,20100915,20190930,125817274.81,-1960129.8100000024
9,上海银行股份有限公司,2422.56,20100914,20191030,69871066.32,69868643.75999999
10,上饶银行股份有限公司,357607083.18,20110908,20191031,354404801.63,-3202281.550000012
11,东亚银行（中国）,21842013.0,20100914,20190325,22142013.0,300000.0
12,东莞农村商业银行股份有限公司,1297862777.46,20131225,20190930,1297597831.46,-264946.0
13,东莞银行股份有限公司,4107731.18,20100915,20191031,8214989.53,4107258.35
14,东营银行股份有限公司,4739663.28,20100915,20191030,6239663.28,1500000.0
15,中交财务有限公司,527535643.31,20160503,20191130,543977063.31,16441419.99999994
16,中信信托,1.0,20100915,20120703,1.0,0.0
17,中信财务有限公司,100031278.72,20160503,20191130,100031278.72,0.0
18,中信银行股份有限公司,695279551.94,20100527,20190930,950635201.57,255355649.63
19,中化工程集团财务有限公司,0.01,20160509,20181227,0.01,0.0
20,中原银行股份有限公司,554874441.16,20150407,20191231,533953041.16,-20921399.99999994
21,中国光大银行股份有限公司,788592691.53,20100527,20190930,513511977.34,-275080714.19
22,中国农业发展银行,4469600000.0,20100914,20190930,4469600000.0,0.0
23,中国农业银行股份有限公司,1468359925.78,20100527,20190930,1254191639.34,-214168286.44000006
24,中国华电集团财务有限公司,364637975.13,20100915,20191030,359637975.13,-5000000.0
25,中国华能财务有限责任公司,13676.05,20141118,20190930,13676.05,0.0
26,中国大唐集团财务有限公司,27236115.94,20140916,20190930,30236115.94,3000000.0
27,中国工商银行股份有限公司,1126487205.74,20100527,20190930,1136267186.45,9779980.710000038
28,中国建设银行股份有限公司,1632462444.63,20100527,20190930,1555165623.84,-77296820.7900002
29,中国民生银行股份有限公司,98552906.71,20100527,20190930,376589.9,-98176316.80999999
30,中国电力财务,1.0,20100915,20151008,1.0,0.0
31,中国电子科技财务有限责任公司,22645.77,20100915,20190630,79807.86,57162.09
32,中国电子财务有限责任公司,179305719.79,20140418,20190731,179305719.79,0.0
33,中国石化财务有限责任公司,1999763131.0,20190328,20190731,1986750969.25,-13012161.75
34,中国航油集团财务有限公司,200000000.0,20190130,20200130,200000000.0,0.0
35,中国进出口银行,20000000000.0,20100914,20190131,20000000000.0,0.0
36,中国重汽财务有限公司,45242841.0,20101104,20190831,2256660.0,-42986181.0
37,中国铁建财务有限公司,121582.35,20151028,20190930,56851.47,-64730.880000000005
38,中国银行股份有限公司,791092485.48,20100527,20190930,987418219.64,196325734.15999997
39,中山农村商业银行股份有限公司,177619784.22,20140418,20191130,177619784.22,0.0
40,中广核财务有限责任公司,300000000.0,20170830,20190930,300000000.0,0.0
41,中建财务有限公司,300000000.0,20170830,20190930,299500000.0,-500000.0
42,中开财务有限公司,129895083.31,20170316,20190630,129574523.31,-320560.0
43,中德住房储蓄银行有限责任公司,20000000.0,20140418,20190531,20000000.0,0.0
44,中油财务有限责任公司,2000000000.0,20150116,20190831,2000000000.0,0.0
45,中煤财务有限责任公司,1000000000.0,20190326,20200331,1000000000.0,0.0
46,中石化财务,330000000.0,20100915,20151008,330000000.0,0.0
47,中联重科集团财务有限公司,111111111.11,20170830,20170830,111111111.11,0.0
48,中航工业集团财务有限责任公司,100000000.0,20151028,20191231,100000000.0,0.0
49,中船重工财务有限责任公司,777777777.78,20140409,20170930,777777777.78,0.0
50,中节能财务有限公司,3333333.33,20171120,20180930,3333333.33,0.0
51,中车财务有限公司,315745915.94,20160809,20190930,317212315.94,1466400.0
52,中金公司,1.0,20100915,20120703,1.0,0.0
53,中铝财务有限责任公司,3200000.0,20180827,20190320,3200000.0,0.0
54,中集集团财务有限公司,104212.15,20160509,20190531,104212.15,0.0
55,临商银行股份有限公司,533050000.0,20100915,20160630,533050000.0,0.0
56,丹东银行股份有限公司,277777777.78,20150212,20170930,277777777.78,0.0
57,义乌合作银行股份有限公司,10000000.0,20121116,20121116,10000000.0,0.0
58,乌海银行股份有限公司,59711529.2,20100915,20190930,57791529.2,-1920000.0
59,乌鲁木齐银行股份有限公司,21076196.02,20100915,20191030,22076196.02,1000000.0
60,乐山市商业银行股份有限公司,89141.4,20111013,20190930,4589141.4,4500000.0
61,九江农村商业银行股份有限公司,111111111.11,20140218,20150930,111111111.11,0.0
62,九江银行股份有限公司,97074144.49,20100915,20190315,98057490.35,983345.8599999994
63,云南红塔银行股份有限公司,178510000.0,20131225,20191130,178510000.0,0.0
64,交通银行股份有限公司,698775594.34,20100527,20190930,712919482.68,14143888.339999914
65,京能集团财务有限公司,5000000.0,20150212,20190711,5000000.0,0.0
66,亳州药都农村商业银行股份有限公司,281785726.12,20131125,20190730,280785726.12,-1000000.0
67,伊利财务有限公司,266666666.67,20170830,20170930,266666666.67,0.0
68,佛山农村商业银行股份有限公司,122021013.49,20131206,20191031,121821013.49,-200000.0
69,作废,1226161348.2,20100527,20120626,1226161348.2,0.0
70,作废,1226161348.2,20110907,20110922,0.0,-1226161348.2
71,作废,1226161348.2,20100527,20120626,1226161348.2,0.0
72,作废,1226161348.2,20110907,20110922,0.0,-1226161348.2
73,作废,0.0,20100527,20120626,1226161348.2,1226161348.2
74,作废,0.0,20110907,20110922,0.0,0.0
75,作废,0.0,20100527,20120626,1226161348.2,1226161348.2
76,作废,0.0,20110907,20110922,0.0,0.0
77,保利财务有限公司,500000000.0,20140916,20191130,500000000.0,0.0
78,保定银行股份有限公司,0.01,20120611,20180129,0.01,0.0
79,信阳银行股份有限公司,111111111.11,20140611,20151231,111111111.11,0.0
80,兰州银行股份有限公司,849227611.65,20101011,20191031,852408689.44,3181077.790000081
81,兴业银行股份有限公司,60873565.78,20100527,20190930,591811.89,-60281753.89
82,兴化农村商业银行股份有限公司,20000000.0,20121116,20121116,20000000.0,0.0
83,兵器装备集团财务有限责任公司,111111111.11,20100915,20170830,111111111.11,0.0
84,兵工财务有限责任公司,387730513.92,20140418,20191130,390179816.57,2449302.649999976
85,内蒙古呼和浩特金谷农村商业银行股份有限公司,200000000.0,20150323,20191130,200000000.0,0.0
86,内蒙古银行股份有限公司,30000.0,20120305,20191130,3030000.0,3000000.0
87,凉山州商业银行股份有限公司,33333333.33,20140218,20160120,33333333.33,0.0
88,加拿大皇家银行,222222222.22,20160114,20160120,222222222.22,0.0
89,包商银行股份有限公司,6719961.0,20101008,20191231,219961.0,-6500000.0
90,北京农村商业银行股份有限公司,1035039019.74,20100915,20190930,1035523976.5,484956.75999999046
91,北京国际信托,1.0,20100915,20120703,1.0,0.0
92,北京控股集团财务有限公司,500000.0,20170830,20190212,500000.0,0.0
93,北京银行股份有限公司,147825653.34,20100914,20191130,289520833.16,141695179.82000002
94,华商银行,1111111111.11,20130913,20140928,1111111111.11,0.0
95,华夏银行股份有限公司,546184239.51,20100527,20190930,368015054.65,-178169184.86
96,华融湘江银行股份有限公司,56304467.16,20120712,20191031,69208415.16,12903948.0
97,南京市区联社清算中心,100000000.0,20110728,20110728,100000000.0,0.0
98,南京银行股份有限公司,21575.42,20100914,20190930,160390978.42,160369403.0
99,南山集团财务有限公司,1.0,20101122,20120703,1.0,0.0
100,南方电网财务有限公司,800000000.0,20190410,20190930,800000000.0,0.0
101,南昌农村商业银行股份有限公司,20357548.77,20140218,20191130,115657548.77,95300000.0
102,南洋商业银行（中国）,444444444.44,20100914,20160629,444444444.44,0.0
103,南通市商业银行股份有限公司,200000000.0,20100915,20120915,200000000.0,0.0
104,南阳银行股份有限公司,1.11,20140408,20151230,1.11,0.0
105,厦门农村商业银行股份有限公司,231155201.86,20131104,20190930,289155201.86,58000000.0
106,厦门国际银行股份有限公司,12012925.0,20100914,20190930,11659839.94,-353085.0600000005
107,厦门银行股份有限公司,47483289.78,20100915,20190404,47483289.78,0.0
108,友利银行,1.0,20100914,20120703,1.0,0.0
109,台州银行股份有限公司,2042464.81,20100915,20191030,5194366.81,3151901.9999999995
110,合肥科技农村商业银行股份有限公司,6863685.78,20131010,20190930,11085685.78,4221999.999999999
111,吉安农村商业银行股份有限公司,0.01,20160113,20170830,0.01,0.0
112,吉林九台农村商业银行股份有限公司,4428982.0,20131010,20190930,4428982.0,0.0
113,吉林银行股份有限公司,62789000.0,20100915,20190930,62789000.0,0.0
114,呼和浩特金谷农村合作银行,100000000.0,20131225,20180930,100000000.0,0.0
115,哈尔滨农村商业银行股份有限公司,70000000.0,20170313,20190930,70000000.0,0.0
116,哈尔滨银行股份有限公司,122078192.9,20101122,20190930,116078192.9,-6000000.0
117,唐山银行股份有限公司,147000000.0,20131206,20190930,147000000.0,0.0
118,嘉兴银行股份有限公司,11993.92,20100914,20190930,1061993.92,1050000.0
119,四川天府银行股份有限公司,1869400.25,20100914,20191130,1369400.25,-500000.0
120,国家开发银行,8634144739.04,20100914,20190930,8634144739.04,0.0
121,国家电投集团财务有限公司,122438651.86,20100915,20190930,125938651.86,3500000.0
122,国投财务有限公司,732999844.3,20150423,20190930,794619844.3,61620000.0
123,国电财务有限公司,475845163.6,20181017,20190930,476107493.6,262330.0
124,大华银行,1.0,20100914,20120703,1.0,0.0
125,大同市商业银行,1.0,20100915,20151008,1.0,0.0
126,大同煤矿集团财务有限责任公司,555555555.56,20170104,20180326,555555555.56,0.0
127,大唐电信集团财务有限公司,111111111.11,20160509,20160630,111111111.11,0.0
128,大连农村商业银行股份有限公司,76900000.0,20140320,20190930,76400000.0,-500000.0
129,大连银行股份有限公司,207909.0,20101111,20190930,207909.0,0.0
130,天津农村商业银行股份有限公司,379077803.96,20100915,20191130,380577803.96,1500000.0
131,天津港财务有限公司,299664000.0,20170830,20191231,299664000.0,0.0
132,天津滨海农村商业银行股份有限公司,1345000000.0,20100915,20170517,1345000000.0,0.0
133,天津银行股份有限公司,137975693.96,20100914,20191130,137975693.96,0.0
134,威海市商业银行股份有限公司,51370542.62,20111019,20191130,71170542.62,19800000.000000007
135,孝感市商业银行股份有限公司,0.0,20110908,20110908,0.0,0.0
136,宁夏银行股份有限公司,4929323.91,20100914,20190930,16929323.91,12000000.0
137,宁波余姚农村商业银行股份有限公司,10962867.22,20100915,20190403,11192867.22,230000.0
138,宁波国际银行,44000000.0,20131106,20151001,44000000.0,0.0
139,宁波慈溪农村商业银行股份有限公司,6188565.54,20100915,20190930,6053565.54,-135000.0
140,宁波港集团财务有限公司,111111111.11,20150212,20160929,111111111.11,0.0
141,宁波舟山港集团财务有限公司,100000.0,20170830,20181230,100000.0,0.0
142,宁波通商银行股份有限公司,45529786.12,20140418,20190930,43629786.12,-1900000.0
143,宁波鄞州农村商业银行股份有限公司,555099.55,20100915,20190930,12105099.55,11550000.0
144,宁波银行股份有限公司,149660099.68,20100914,20190930,175260288.76,25600189.079999983
145,安徽桐城农村商业银行股份有限公司,66666666.67,20131125,20151008,66666666.67,0.0
146,安徽省能源集团财务有限公司,100000000.0,20180827,20190731,100000000.0,0.0
147,安徽马鞍山农村商业银行股份有限公司,13203234.5,20180122,20191130,18609140.19,5405905.690000001
148,安阳银行股份有限公司,1.11,20131010,20160120,1.11,0.0
149,宜宾市商业银行股份有限公司,7404810.9,20131225,20190930,7101696.14,-303114.7600000007
150,宜昌市商业银行股份有限公司,0.0,20110908,20110908,0.0,0.0
151,富滇银行股份有限公司,409174248.28,20100915,20191231,409174248.28,0.0
152,山东威海农村商业银行股份有限公司,1.11,20140208,20150930,1.11,0.0
153,山东广饶农村商业银行股份有限公司,0.01,20121116,20170830,0.01,0.0
154,山东招金集团财务有限公司,280000000.0,20190109,20190930,280000000.0,0.0
155,山东晨鸣集团财务有限公司,333333333.33,20170104,20180512,333333333.33,0.0
156,山东济南润丰农村合作银行,33333333.33,20140409,20151008,33333333.33,0.0
157,山东省商业集团财务有限公司,60000000.0,20170830,20180628,60000000.0,0.0
158,山东邹平农村商业银行股份有限公司,0.0,20121116,20170830,0.0,0.0
159,山东黄金集团财务有限公司,587153.13,20170830,20190830,4716.5,-582436.63
160,山西尧都农村商业银行股份有限公司,2000000.0,20140109,20191130,2000000.0,0.0
161,巴彦淖尔河套农村商业银行股份有限公司,48888888.89,20140218,20160120,48888888.89,0.0
162,常州市商业银行股份有限公司,1.11,20100915,20151230,1.11,0.0
163,平安银行股份有限公司,2485489029.77,20100527,20190930,2676231157.49,190742127.7199998
164,平顶山银行股份有限公司,54736162.4,20110706,20191130,57886162.4,3150000.0
165,广东华兴银行股份有限公司,31824541.8,20140805,20190225,32973130.44,1148588.6400000006
166,广东南海农村商业银行股份有限公司,218359955.87,20131029,20191130,217459955.87,-900000.0
167,广东南粤银行股份有限公司,15164679.56,20101011,20191130,1731848.26,-13432831.3
168,广东揭阳农村商业银行股份有限公司,0.01,20140221,20170830,0.01,0.0
169,广东清远农村商业银行股份有限公司,0.01,20131225,20170830,0.01,0.0
170,广东省广晟财务有限公司,40000000.0,20180711,20190501,40000000.0,0.0
171,广东顺德农村商业银行股份有限公司,163195830.28,20130122,20191130,162345172.93,-850657.349999994
172,广发银行股份有限公司,669860529.12,20100527,20190930,646575186.79,-23285342.330000043
173,广州农村商业银行股份有限公司,22421840.28,20120511,20190930,22021947.78,-399892.5
174,广州银行股份有限公司,239413399.44,20130204,20190930,233521592.59,-5891806.849999994
175,广西北部湾银行股份有限公司,866736.3,20111013,20191031,806736.3,-60000.0
176,廊坊银行股份有限公司,39333333.33,20161020,20180613,39333333.33,0.0
177,延边农村商业银行股份有限公司,0.01,20140218,20190108,0.01,0.0
178,开封银行股份有限公司,20000000.0,20121116,20121116,20000000.0,0.0
179,张家口银行股份有限公司,2422035.34,20100915,20191130,1422035.34,-999999.9999999998
180,徐州淮海农村商业银行股份有限公司,440000000.0,20140208,20151008,440000000.0,0.0
181,德州银行股份有限公司,1.11,20121116,20151230,1.11,0.0
182,德意志银行（中国）,166666666.67,20140408,20151215,166666666.67,0.0
183,徽商银行股份有限公司,3088699543.32,20100914,20190930,3095481143.32,6781600.0
184,恒丰银行股份有限公司,1005201985.44,20100921,20180428,1005201985.44,0.0
185,惠州农村商业银行股份有限公司,150000000.0,20140109,20191031,150000000.0,0.0
186,成都农村商业银行股份有限公司,629912148.37,20130201,20191231,605253428.37,-24658720.0
187,成都银行股份有限公司,1095563689.42,20100915,20191031,1088788417.42,-6775272.0
188,承德银行股份有限公司,311939801.43,20130628,20190930,281939801.43,-30000000.0
189,抚州农村商业银行股份有限公司,0.01,20141118,20170830,0.01,0.0
190,抚顺银行股份有限公司,155555555.56,20140807,20180930,155555555.56,0.0
191,招商局集团财务有限公司,200000000.0,20190130,20191130,200000000.0,0.0
192,招商银行股份有限公司,76303218.36,20100527,20190930,149417939.84,73114721.48
193,攀枝花农村商业银行股份有限公司,82888888.89,20131225,20160120,82888888.89,0.0
194,攀枝花市商业银行股份有限公司,13500469.98,20110908,20190930,18188182.98,4687713.0
195,新乡银行股份有限公司,11111111.11,20101018,20151230,11111111.11,0.0
196,新余农村商业银行股份有限公司,47000000.0,20131106,20180903,47000000.0,0.0
197,新希望财务有限公司,4455580.0,20151028,20190930,4455580.0,0.0
198,新疆天山农村商业银行股份有限公司,525069.1,20140724,20191130,1625069.1,1100000.0
199,新韩银行,202000000.0,20100914,20120703,202000000.0,0.0
200,无锡农村商业银行股份有限公司,12316489.75,20140208,20190930,13416489.75,1100000.0
201,日照银行股份有限公司,213910000.0,20100915,20181217,213910000.0,0.0
202,昆仑银行股份有限公司,14882799.7,20130424,20190930,22191799.7,7309000.0
203,星展银行(中国),111111111.11,20140423,20180930,111111111.11,0.0
204,晋中银行股份有限公司,32912.0,20150116,20190930,2332912.0,2300000.0
205,晋商银行股份有限公司,44525280.39,20101122,20190930,43825280.39,-700000.0
206,晋城银行股份有限公司,140000.0,20140116,20190831,740000.0,600000.0
207,景德镇农村商业银行股份有限公司,55555555.56,20140916,20180930,55555555.56,0.0
208,景德镇市商业银行股份有限公司,111111111.11,20140916,20150930,111111111.11,0.0
209,曲靖市商业银行股份有限公司,55555555.56,20150423,20170630,55555555.56,0.0
210,朝阳市商业银行,1.0,20100914,20120703,1.0,0.0
211,朝阳银行股份有限公司,4960266.66,20190130,20190305,4960266.66,0.0
212,杭州联合农村商业银行股份有限公司,80701460.79,20131125,20191130,96794348.4,16092887.61
213,杭州银行股份有限公司,151928323.54,20100914,20190329,202221186.44,50292862.900000006
214,枣庄银行股份有限公司,222222222.22,20140109,20151008,222222222.22,0.0
215,柳州银行股份有限公司,0.01,20110908,20180630,0.01,0.0
216,株洲市商业银行股份有限公司,100000000.0,20100915,20120915,100000000.0,0.0
217,桂林银行股份有限公司,59218007.09,20100914,20191130,79738007.09,20520000.0
218,武汉农村商业银行股份有限公司,1414573430.0,20130625,20191130,1414573430.0,0.0
219,民生金融租赁股份有限公司,0.01,20100915,20180830,0.01,0.0
220,汇丰银行（中国）,139588927.19,20140408,20190225,141409559.67,1820632.4799999893
221,汉口银行股份有限公司,388149296.86,20121017,20191031,388900398.76,751101.8999999762
222,江南农村商业银行股份有限公司,10000000.0,20121116,20121116,10000000.0,0.0
223,江苏南通农村商业银行股份有限公司,13958500.0,20140109,20190930,13858500.0,-100000.0
224,江苏启东农村商业银行股份有限公司,80190061.76,20140208,20191130,79990061.76,-200000.0
225,江苏吴江农村商业银行股份有限公司,35876860.52,20121101,20190930,38456860.52,2580000.0
226,江苏大丰农村商业银行股份有限公司,0.01,20140221,20190930,0.01,0.0
227,江苏太仓农村商业银行股份有限公司,164666666.67,20140208,20150930,164666666.67,0.0
228,江苏如皋农村商业银行股份有限公司,167951494.82,20140208,20191030,167951494.82,0.0
229,江苏姜堰农村商业银行股份有限公司,80970000.0,20140208,20191031,81470000.0,500000.0
230,江苏宜兴农村商业银行股份有限公司,0.01,20140208,20170830,0.01,0.0
231,江苏常熟农村商业银行股份有限公司,534520693.22,20100914,20190930,535847769.22,1327076.0
232,江苏张家港农村商业银行股份有限公司,38739026.75,20100915,20190328,41666943.55,2927916.799999997
233,江苏昆山农村商业银行股份有限公司,2012267.3,20140217,20190930,1762267.3,-250000.0
234,江苏民丰农村商业银行股份有限公司,7500000.01,20131206,20170828,7500000.01,0.0
235,江苏江南农村商业银行股份有限公司,7362311.69,20140304,20190930,19372311.69,12010000.0
236,江苏江都农村商业银行股份有限公司,3710860.74,20121116,20191130,3710860.74,0.0
237,江苏江阴农村商业银行股份有限公司,445073049.06,20140208,20190930,445100000.0,26950.939999997616
238,江苏沭阳农村商业银行股份有限公司,111111111.11,20140208,20150930,111111111.11,0.0
239,江苏海安农村商业银行股份有限公司,359846320.65,20140218,20190930,359620320.65,-226000.0
240,江苏省国信集团财务有限公司,110000000.0,20140311,20151008,110000000.0,0.0
241,江苏紫金农村商业银行股份有限公司,12898466.04,20131206,20190930,68048466.04,55150000.00000001
242,江苏苏宁银行股份有限公司,93300000.0,20190320,20200229,93100000.0,-200000.0
243,江苏银行股份有限公司,26551374.94,20100906,20190930,653068.84,-25898306.1
244,江西银行股份有限公司,52917702.0,20100914,20190930,53504890.83,587188.8299999982
245,江门新会农村商业银行股份有限公司,111111111.11,20160310,20180630,111111111.11,0.0
246,江门融和农村商业银行股份有限公司,0.01,20140320,20170830,0.01,0.0
247,池州九华农村商业银行股份有限公司,0.01,20131225,20170830,0.01,0.0
248,沧州银行股份有限公司,65553606.51,20131225,20190930,66080076.01,526469.5
249,河北钢铁集团财务有限公司,1.11,20141209,20151231,1.11,0.0
250,河北银行股份有限公司,724370044.09,20101018,20191130,708850782.61,-15519261.48000002
251,泉州农村商业银行股份有限公司,0.01,20121116,20170830,0.01,0.0
252,泉州银行股份有限公司,34014046.99,20100914,20190930,34650344.45,636297.4600000009
253,法国巴黎银行,1.0,20100914,20120703,1.0,0.0
254,泰安银行股份有限公司,11426051.33,20100915,20191031,131026051.33,119600000.0
255,泸州市商业银行股份有限公司,25300000.0,20140409,20190930,25300000.0,0.0
256,洛阳银行股份有限公司,18389620.49,20101122,20191130,95367254.49,76977634.0
257,济宁银行股份有限公司,24533666.67,20100915,20191130,7209580.84,-17324085.830000002
258,浙商银行股份有限公司,429011571.05,20100527,20190930,636359712.61,207348141.56
259,浙江上虞农村商业银行股份有限公司,55555555.56,20171211,20180630,55555555.56,0.0
260,浙江东阳农村商业银行,5431588.35,20180122,20191031,5431588.35,0.0
261,浙江临海农村商业银行股份有限公司,3121652.0,20180830,20190217,3351652.0,230000.0
262,浙江义乌农村商业银行股份有限公司,31794718.4,20140220,20190930,32192111.6,397393.200000003
263,浙江乐清农村商业银行股份有限公司,197046762.2,20100915,20190930,197046762.2,0.0
264,浙江南浔农村商业银行股份有限公司,2883473.34,20171211,20190918,3533473.34,650000.0
265,浙江富阳农村商业银行股份有限公司,39677890.65,20190109,20191231,39677890.65,0.0
266,浙江嵊州农村商业银行股份有限公司,28434457.6,20180919,20190930,28534457.6,100000.0
267,浙江德清农村商业银行股份有限公司,23355989.76,20160310,20190930,28076989.76,4721000.0
268,浙江杭州余杭农村商业银行股份有限公司,49981082.39,20160321,20190930,53629409.39,3648327.0
269,浙江民泰商业银行股份有限公司,0.0,20100914,20171016,0.0,0.0
270,浙江永嘉农村合作银行,100000000.0,20100915,20120915,100000000.0,0.0
271,浙江永嘉农村商业银行股份有限公司,98673000.0,20190109,20191231,98673000.0,0.0
272,浙江永康农村商业银行股份有限公司,4454205.1,20160310,20191130,6258058.1,1803853.0
273,浙江江山农村商业银行股份有限公司,100000000.0,20131225,20160930,100000000.0,0.0
274,浙江泰隆商业银行股份有限公司,3160979.65,20100914,20190930,2801683.65,-359296.0
275,浙江海宁农村商业银行股份有限公司,1479822.0,20181220,20191231,1779822.0,300000.0
276,浙江温岭农村商业银行股份有限公司,22308744.68,20170313,20191130,22068744.68,-240000.0
277,浙江温州瓯海农村商业银行股份有限公司,50357143.8,20100915,20191130,49948143.8,-409000.0
278,浙江温州鹿城农村商业银行股份有限公司,35385370.0,20100915,20191231,35585370.0,200000.0
279,浙江温州龙湾农村商业银行股份有限公司,918689.31,20131106,20191231,2357039.31,1438350.0
280,浙江瑞安农村商业银行股份有限公司,96379900.0,20160411,20191130,96379900.0,0.0
281,浙江省交通投资集团财务有限责任公司,195000000.0,20170830,20191231,195000000.0,0.0
282,浙江稠州商业银行股份有限公司,8597706.71,20110804,20191031,8997706.71,400000.0
283,浙江稠州金融租赁有限公司,50000000.0,20171120,20180930,50000000.0,0.0
284,浙江绍兴瑞丰农村商业银行股份有限公司,227325960.8,20100915,20190930,227445960.8,120000.0
285,浙江网商银行股份有限公司,19152901.3,20181206,20191130,18243327.28,-909574.0199999996
286,浙江舟山普陀农村商业银行股份有限公司,88888888.89,20140218,20151008,88888888.89,0.0
287,浙江苍南农村合作银行,4333333.33,20100915,20151008,4333333.33,0.0
288,浙江萧山农村商业银行股份有限公司,61735796.64,20170103,20191031,69225628.86,7489832.219999999
289,浙江诸暨农村商业银行股份有限公司,22222222.22,20151028,20180930,22222222.22,0.0
290,海亮集团财务有限责任公司,0.01,20180122,20181228,0.01,0.0
291,海南银行股份有限公司,0.0,20171120,20190930,0.0,0.0
292,海口农村商业银行股份有限公司,166666666.67,20131206,20180730,166666666.67,0.0
293,海尔集团财务有限责任公司,1239155.07,20131023,20191130,5418.01,-1233737.06
294,海航集团财务有限公司,0.01,20110826,20170830,0.01,0.0
295,淮北矿业集团财务有限公司,1519007.8,20180122,20190630,78042.52,-1440965.28
296,淮南矿业集团财务有限公司,99800000.0,20140320,20190630,99800000.0,0.0
297,淮南通商农村商业银行股份有限公司,0.01,20141209,20170830,0.01,0.0
298,深圳农村商业银行股份有限公司,87678910.7,20140610,20191231,85021739.52,-2657171.180000007
299,深圳华强集团财务有限公司,55555555.56,20170830,20170830,55555555.56,0.0
300,渣打银行（中国）,332333333.33,20100914,20160930,332333333.33,0.0
301,渤海银行股份有限公司,235726542.88,20101015,20190930,254134281.61,18407738.73000002
302,温州银行股份有限公司,117437287.63,20100915,20191031,117437287.63,0.0
303,湖北十堰农村商业银行股份有限公司,96177777.78,20160411,20180630,96177777.78,0.0
304,湖北襄阳农村商业银行股份有限公司,0.01,20141118,20170830,0.01,0.0
305,湖北银行股份有限公司,817691.19,20120209,20190831,1617691.19,800000.0
306,湖南华菱钢铁集团财务有限公司,77777777.78,20160330,20160630,77777777.78,0.0
307,湖南宁乡农村商业银行股份有限公司,111111111.11,20140311,20151008,111111111.11,0.0
308,湖南浏阳农村商业银行股份有限公司,166666666.67,20141209,20150930,166666666.67,0.0
309,湖州银行股份有限公司,6700225.0,20150116,20190930,7624225.0,924000.0
310,湘潭市商业银行股份有限公司,100000000.0,20100915,20120915,100000000.0,0.0
311,漯河银行股份有限公司,111111111.11,20131104,20151230,111111111.11,0.0
312,潍坊银行股份有限公司,259055.42,20100914,20190930,10356712.46,10097657.040000001
313,潞安集团财务有限公司,222222222.22,20170307,20170930,222222222.22,0.0
314,澳大利亚新西兰银行集团有限公司（中国）,111111111.11,20140423,20151231,111111111.11,0.0
315,澳大利亚西太平洋银行(总行),111111111.11,20140418,20151231,111111111.11,0.0
316,澳新银行（总行）,111111111.11,20120305,20160120,111111111.11,0.0
317,烟台银行股份有限公司,40000.0,20121116,20200331,40000.0,0.0
318,焦作中旅银行股份有限公司,47571.0,20110706,20200229,47571.0,0.0
319,珠海农村商业银行股份有限公司,96847826.76,20131225,20190930,95511656.06,-1336170.700000003
320,珠海华发集团财务有限公司,111111111.11,20170313,20170904,111111111.11,0.0
321,珠海华润银行股份有限公司,44129097.77,20120206,20190930,1150126.56,-42978971.21
322,珠海格力财务,1.0,20100915,20151008,1.0,0.0
323,甘肃银行股份有限公司,12379681.77,20130424,20190930,16628043.29,4248361.52
324,申能集团财务有限公司,300000000.0,20160509,20190331,300000000.0,0.0
325,盘锦银行股份有限公司,100000000.0,20160104,20190930,100000000.0,0.0
326,盛京银行股份有限公司,40055819.01,20100914,20191231,75147819.01,35092000.00000001
327,石嘴山银行股份有限公司,590000.0,20140218,20191031,590000.0,0.0
328,福建七匹狼集团财务有限公司,41840000.0,20181008,20190630,42610000.0,770000.0
329,福建南安农村商业银行股份有限公司,36587860.0,20160310,20190930,36587860.0,0.0
330,福建晋江农村商业银行股份有限公司,2371440.0,20140109,20190930,2371440.0,0.0
331,福建海峡银行股份有限公司,12213936.49,20100915,20190930,31248296.66,19034360.17
332,福建省能源集团财务有限公司,92000000.0,20170830,20190930,92000000.0,0.0
333,福建石狮农村商业银行股份有限公司,34186560.0,20140109,20190930,35177460.0,990900.0
334,福建福州农村商业银行股份有限公司,55555555.56,20140408,20180630,55555555.56,0.0
335,福建莆田农村商业银行股份有限公司,98350000.0,20190109,20191231,98350000.0,0.0
336,秦皇岛银行股份有限公司,9485564.35,20131104,20190930,4485564.35,-5000000.0
337,紫金矿业集团财务有限公司,196413772.21,20170830,20191130,196413772.21,0.0
338,绍兴银行股份有限公司,251885555.56,20100915,20180523,251885555.56,0.0
339,绵阳市商业银行股份有限公司,16769.77,20131225,20190831,2411769.77,2395000.0
340,美国纽约银行,111111111.11,20140418,20141018,111111111.11,0.0
341,美的集团财务有限公司,455287752.93,20170313,20190218,469168875.88,13881122.949999988
342,自贡银行股份有限公司,182500.0,20101018,20190831,1900000.0,1717500.0
343,航天科技财务有限责任公司,226896414.27,20170830,20190726,262516218.32,35619804.04999998
344,芜湖扬子农村商业银行股份有限公司,9478853.18,20111114,20190930,5578853.18,-3900000.0
345,花旗银行（中国）,111111111.11,20140208,20160930,111111111.11,0.0
346,苏州银行股份有限公司,163777263.92,20100915,20190930,179755472.84,15978208.920000017
347,荷兰合作银行（中国）有限公司,1.0,20100915,20120703,1.0,0.0
348,荷兰安智银行（ING）,444444444.44,20140418,20151231,444444444.44,0.0
349,莱商银行股份有限公司,615227777.78,20110829,20170823,615227777.78,0.0
350,营口银行股份有限公司,12896000.0,20100915,20190428,1096000.0,-11800000.0
351,葫芦岛银行股份有限公司,280000.0,20100915,20200130,80000.0,-200000.0
352,蒙特利尔银行,100000000.0,20100914,20120914,100000000.0,0.0
353,衡水银行股份有限公司,19973.7,20100915,20190731,19973.7,0.0
354,西安银行股份有限公司,435889501.53,20100915,20190930,417389501.53,-18500000.0
355,西班牙对外银行,166666666.67,20160114,20160120,166666666.67,0.0
356,西藏银行股份有限公司,300000000.0,20190130,20200131,300000000.0,0.0
357,贵州银行股份有限公司,2946053.78,20131104,20190930,2946053.78,0.0
358,贵阳农村商业银行股份有限公司,0.01,20140221,20170830,0.01,0.0
359,贵阳银行股份有限公司,139257654.0,20100915,20190831,52957654.0,-86300000.0
360,赣州农村商业银行股份有限公司,111111111.11,20140218,20150930,111111111.11,0.0
361,赣州银行股份有限公司,34945284.02,20100914,20191031,39122171.13,4176887.1099999994
362,辽阳银行股份有限公司,4217750.0,20120605,20190930,15217750.0,11000000.0
363,达州银行股份有限公司,0.0,20131125,20190930,0.0,0.0
364,遂宁银行股份有限公司,0.0,20131024,20190930,0.0,0.0
365,遵义市商业银行股份有限公司,300000.0,20101018,20111018,300000.0,0.0
366,邢台银行股份有限公司,130900000.0,20100915,20181105,130900000.0,0.0
367,邯郸银行股份有限公司,74400.0,20131125,20191231,6074400.0,6000000.0
368,郑州宇通集团财务有限公司,55555555.56,20170830,20180930,55555555.56,0.0
369,郑州银行股份有限公司,285581437.48,20101018,20191231,655888.18,-284925549.3
370,鄂尔多斯农村商业银行股份有限公司,222222222.22,20140208,20150930,222222222.22,0.0
371,鄂尔多斯银行股份有限公司,0.01,20100915,20191031,0.01,0.0
372,重庆三峡银行股份有限公司,8665242.95,20101104,20191031,10410242.95,1745000.0
373,重庆农村商业银行股份有限公司,2973954392.99,20101018,20190930,2870628187.35,-103326205.63999987
374,重庆化医控股集团财务有限公司,77777777.78,20141118,20151008,77777777.78,0.0
375,重庆鈊渝金融租赁有限公司,0.01,20170830,20180930,0.01,0.0
376,重庆银行股份有限公司,13670923.84,20100914,20190930,12951923.84,-719000.0
377,金华银行股份有限公司,153170.0,20100914,20190930,153170.0,0.0
378,金川集团财务有限公司,111111111.11,20170830,20170830,111111111.11,0.0
379,铁岭银行股份有限公司,111111111.11,20100915,20150930,111111111.11,0.0
380,铜陵农村商业银行股份有限公司,0.01,20150225,20170830,0.01,0.0
381,铜陵有色金属集团财务有限公司,0.0,20140311,20190930,0.0,0.0
382,锦州银行股份有限公司,66417.0,20101008,20190930,66417.0,0.0
383,长城华西银行股份有限公司,71341.33,20101122,20170904,71341.33,0.0
384,长安银行股份有限公司,2286464.81,20131029,20190930,286464.81,-2000000.0
385,长春农村商业银行股份有限公司,8700000.0,20160321,20190930,8700000.0,0.0
386,长春发展农村商业银行股份有限公司,0.01,20131010,20190930,0.01,0.0
387,长沙农村商业银行股份有限公司,498500000.0,20190410,20200331,498500000.0,0.0
388,长沙芙蓉农村合作银行,27777777.78,20140218,20151008,27777777.78,0.0
389,长沙银行股份有限公司,426786999.11,20100915,20190930,480110999.11,53324000.0
390,长治银行股份有限公司,39000.0,20100915,20191130,239000.0,200000.0
391,阜新银行股份有限公司,3056465.0,20100915,20190415,3056465.0,0.0
392,阜阳颍淮农村商业银行股份有限公司,24011111.11,20170103,20180830,24011111.11,0.0
393,阳泉市商业银行股份有限公司,3333333.33,20131104,20160120,3333333.33,0.0
394,阳泉煤业集团财务有限责任公司,,20190428,20190831,159000000.0,
395,陕西延长石油财务有限公司,100000000.0,20181109,20190731,100000000.0,0.0
396,陕西煤业化工集团财务有限公司,10860000.0,20181008,20190930,0.0,-10860000.0
397,陕西秦农农村商业银行股份有限公司,108727663.0,20170103,20190930,108227663.0,-500000.0
398,青岛农村商业银行股份有限公司,18944788.15,20140218,20190831,18024788.15,-920000.0
399,青岛银行股份有限公司,318176381.19,20100915,20190801,221091957.43,-97084423.75999999
400,青海银行股份有限公司,63179.64,20101122,20190930,63179.64,0.0
401,鞍山银行股份有限公司,2751318.0,20100915,20190930,84472.0,-2666846.0
402,韩亚中国,222222222.22,20150206,20150728,222222222.22,0.0
403,首钢集团财务有限公司,166856.18,20170830,20190630,66856.18,-100000.0
404,马钢集团财务有限公司,111111111.11,20170830,20170830,111111111.11,0.0
405,驻马店银行股份有限公司,100000000.0,20121116,20121116,100000000.0,0.0
406,鹰潭农村商业银行股份有限公司,45555555.56,20141028,20180630,45555555.56,0.0
407,黄山太平农村商业银行股份有限公司,100000000.0,20140218,20151008,100000000.0,0.0
408,黑河农村商业银行股份有限公司,111111111.11,20160310,20160930,111111111.11,0.0
409,齐商银行股份有限公司,985074.98,20100915,20191031,3255074.98,2270000.0
410,齐鲁银行股份有限公司,73189128.19,20100915,20191031,67481928.19,-5707200.0
411,龙江银行股份有限公司,155000000.0,20130320,20180930,155000000.0,0.0
